Tiempo,Direccion de viento media vectorial,Direccion de viento media escalar,Direccion de rafaga
2026-04-17 16:30:00,101.2000,98.0000,108.1000
2026-04-17 16:40:00,116.2000,121.6000,100.9000
2026-04-17 16:50:00,104.1000,105.2000,95.5000
2026-04-17 17:00:00,100.5000,95.5000,101.7000
2026-04-17 17:10:00,103.5000,107.9000,94.2000
2026-04-17 17:20:00,108.9000,113.2000,95.8000
2026-04-17 17:30:00,103.1000,105.0000,100.3000
2026-04-17 17:40:00,97.9000,101.7000,97.9000
2026-04-17 17:50:00,93.4000,91.8000,98.5000
2026-04-17 18:00:00,91.7000,92.7000,91.2000
2026-04-17 18:10:00,79.2000,75.2000,86.8000
2026-04-17 18:20:00,94.9000,95.1000,91.1000
2026-04-17 18:30:00,90.3000,87.7000,95.4000
2026-04-17 18:40:00,89.4000,90.4000,95.7000
2026-04-17 18:50:00,94.9000,92.2000,86.8000
2026-04-17 19:00:00,91.8000,91.5000,98.2000
2026-04-17 19:10:00,98.1000,97.8000,96.4000
2026-04-17 19:20:00,96.5000,101.0000,84.6000
2026-04-17 19:30:00,90.6000,91.5000,96.4000
2026-04-17 19:40:00,96.7000,97.6000,98.0000
2026-04-17 19:50:00,74.0000,76.7000,95.9000
2026-04-17 20:00:00,90.3000,91.0000,96.6000
2026-04-17 20:10:00,85.7000,92.7000,88.9000
2026-04-17 20:20:00,77.2000,74.4000,79.5000
2026-04-17 20:30:00,77.4000,75.8000,96.3000
2026-04-17 20:40:00,73.7000,70.6000,89.9000
2026-04-17 20:50:00,56.0000,57.4000,84.2000
2026-04-17 21:00:00,53.0000,54.1000,57.8000
2026-04-17 21:10:00,58.2000,62.5000,54.7000
2026-04-17 21:20:00,68.5000,68.6000,86.3000
2026-04-17 21:30:00,67.7000,71.7000,82.1000
2026-04-17 21:40:00,79.5000,84.9000,83.0000
2026-04-17 21:50:00,80.3000,80.5000,77.7000
2026-04-17 22:00:00,77.2000,79.8000,85.4000
2026-04-17 22:10:00,83.4000,70.4000,78.8000
2026-04-17 22:20:00,87.0000,85.0000,83.1000
2026-04-17 22:30:00,79.6000,83.0000,82.8000
2026-04-17 22:40:00,89.2000,91.1000,79.6000
2026-04-17 22:50:00,86.4000,87.6000,94.3000
2026-04-17 23:00:00,82.1000,77.4000,93.1000
2026-04-17 23:10:00,88.9000,83.6000,96.5000
2026-04-17 23:20:00,83.4000,83.4000,81.7000
2026-04-17 23:30:00,89.1000,90.8000,95.2000
2026-04-17 23:40:00,88.0000,89.3000,97.2000
2026-04-17 23:50:00,85.6000,78.9000,97.4000
2026-04-18 00:00:00,97.6000,97.9000,95.7000
2026-04-18 00:10:00,92.9000,97.1000,96.3000
2026-04-18 00:20:00,96.3000,91.7000,99.5000
2026-04-18 00:30:00,97.1000,90.1000,93.7000
2026-04-18 00:40:00,95.8000,100.0000,98.7000
2026-04-18 00:50:00,99.2000,96.8000,100.6000
2026-04-18 01:00:00,100.1000,103.0000,98.8000
2026-04-18 01:10:00,95.6000,95.9000,101.0000
2026-04-18 01:20:00,99.0000,95.1000,100.3000
2026-04-18 01:30:00,96.2000,98.9000,96.4000
2026-04-18 01:40:00,95.6000,92.6000,98.8000
2026-04-18 01:50:00,99.2000,97.2000,101.6000
2026-04-18 02:00:00,97.9000,94.3000,98.5000
2026-04-18 02:10:00,101.3000,99.9000,98.6000
2026-04-18 02:20:00,94.5000,98.7000,102.6000
2026-04-18 02:30:00,97.0000,101.0000,95.0000
2026-04-18 02:40:00,97.7000,95.2000,99.6000
2026-04-18 02:50:00,97.0000,97.0000,97.0000
2026-04-18 03:00:00,97.3000,95.8000,96.2000
2026-04-18 03:10:00,104.0000,108.6000,98.0000
2026-04-18 03:20:00,109.3000,109.2000,99.5000
2026-04-18 03:30:00,104.1000,106.7000,105.6000
2026-04-18 03:40:00,115.8000,112.3000,100.3000
2026-04-18 03:50:00,120.6000,130.2000,102.2000
2026-04-18 04:00:00,120.7000,129.7000,132.8000
2026-04-18 04:10:00,120.7000,127.5000,108.4000
2026-04-18 04:20:00,111.8000,104.4000,130.5000
2026-04-18 04:30:00,121.8000,122.0000,105.5000
2026-04-18 04:40:00,114.4000,119.9000,109.1000
2026-04-18 04:50:00,122.6000,114.0000,120.0000
2026-04-18 05:00:00,121.5000,132.2000,137.3000
2026-04-18 05:10:00,106.2000,112.4000,134.3000
2026-04-18 05:20:00,131.0000,130.8000,131.0000
2026-04-18 05:30:00,113.8000,122.7000,134.2000
2026-04-18 05:40:00,148.7000,142.3000,131.2000
2026-04-18 05:50:00,152.8000,147.6000,135.7000
2026-04-18 06:00:00,143.7000,133.8000,134.3000
2026-04-18 06:10:00,149.6000,160.2000,136.1000
2026-04-18 06:20:00,154.1000,149.0000,142.1000
2026-04-18 06:30:00,152.0000,154.2000,148.7000
2026-04-18 06:40:00,142.1000,140.7000,133.3000
2026-04-18 06:50:00,161.0000,150.7000,140.3000
2026-04-18 07:00:00,154.3000,156.6000,152.7000
2026-04-18 07:10:00,164.6000,176.3000,170.2000
2026-04-18 07:20:00,164.1000,162.0000,146.5000
2026-04-18 07:30:00,150.1000,150.3000,164.8000
2026-04-18 07:40:00,178.1000,189.8000,160.6000
2026-04-18 07:50:00,170.9000,166.6000,186.0000
2026-04-18 08:00:00,181.7000,176.7000,190.2000
2026-04-18 08:10:00,174.7000,167.9000,149.2000
2026-04-18 08:20:00,184.1000,178.8000,172.4000
2026-04-18 08:30:00,202.4000,212.1000,196.2000
2026-04-18 08:40:00,176.4000,171.6000,182.9000
2026-04-18 08:50:00,194.4000,196.6000,191.7000
2026-04-18 09:00:00,200.6000,183.2000,188.1000
2026-04-18 09:10:00,167.7000,161.6000,174.9000
2026-04-18 09:20:00,168.9000,153.7000,167.0000
2026-04-18 09:30:00,198.1000,200.8000,198.9000
2026-04-18 09:40:00,186.8000,196.8000,206.8000
2026-04-18 09:50:00,151.4000,149.6000,163.5000
2026-04-18 10:00:00,150.9000,148.1000,141.9000
2026-04-18 10:10:00,189.2000,193.0000,154.2000
2026-04-18 10:20:00,154.6000,174.8000,156.8000
2026-04-18 10:30:00,141.8000,147.2000,131.8000
2026-04-18 10:40:00,129.4000,141.9000,165.5000
2026-04-18 10:50:00,143.4000,133.5000,140.2000
2026-04-18 11:00:00,96.2000,90.4000,104.7000
2026-04-18 11:10:00,105.2000,109.8000,101.3000
2026-04-18 11:20:00,115.6000,121.3000,103.1000
2026-04-18 11:30:00,97.4000,100.8000,101.1000
2026-04-18 11:40:00,102.5000,91.6000,98.2000
2026-04-18 11:50:00,98.3000,99.8000,93.4000
2026-04-18 12:00:00,123.7000,122.0000,108.1000
2026-04-18 12:10:00,112.4000,113.3000,105.3000
2026-04-18 12:20:00,115.8000,124.6000,111.8000
2026-04-18 12:30:00,99.0000,100.9000,98.8000
2026-04-18 12:40:00,99.4000,104.0000,76.2000
2026-04-18 12:50:00,101.5000,99.4000,100.6000
2026-04-18 13:00:00,92.9000,100.0000,95.2000
2026-04-18 13:10:00,109.8000,107.5000,101.2000
2026-04-18 13:20:00,128.0000,126.1000,133.2000
2026-04-18 13:30:00,127.7000,119.8000,133.8000
2026-04-18 13:40:00,121.5000,127.0000,134.4000
2026-04-18 13:50:00,133.0000,134.5000,132.9000
2026-04-18 14:00:00,150.8000,149.1000,132.9000
2026-04-18 14:10:00,140.8000,139.9000,130.7000
2026-04-18 14:20:00,137.9000,135.0000,134.7000
2026-04-18 14:30:00,137.4000,141.0000,137.3000
2026-04-18 14:40:00,144.5000,148.5000,136.0000
2026-04-18 14:50:00,139.2000,132.0000,134.9000
2026-04-18 15:00:00,137.6000,142.5000,135.6000
2026-04-18 15:10:00,132.7000,127.8000,138.2000
2026-04-18 15:20:00,149.7000,136.5000,133.9000
2026-04-18 15:30:00,138.5000,135.6000,136.7000
2026-04-18 15:40:00,136.2000,135.7000,134.0000
2026-04-18 15:50:00,135.5000,136.1000,135.2000
2026-04-18 16:00:00,127.1000,127.9000,128.1000
2026-04-18 16:10:00,130.0000,132.3000,135.9000
2026-04-18 16:20:00,125.6000,130.9000,129.0000
2026-04-18 16:30:00,127.7000,128.9000,131.3000
2026-04-18 16:40:00,129.1000,130.8000,130.4000
2026-04-18 16:50:00,115.5000,106.8000,129.0000
2026-04-18 17:00:00,126.5000,130.3000,107.2000
2026-04-18 17:10:00,120.4000,117.6000,130.7000
2026-04-18 17:20:00,120.2000,119.6000,112.7000
2026-04-18 17:30:00,116.9000,118.9000,127.7000
2026-04-18 17:40:00,121.2000,120.9000,106.2000
2026-04-18 17:50:00,110.9000,114.7000,101.1000
2026-04-18 18:00:00,104.8000,104.9000,107.9000
2026-04-18 18:10:00,107.5000,105.4000,100.3000
2026-04-18 18:20:00,104.0000,105.3000,104.8000
2026-04-18 18:30:00,107.5000,103.8000,99.7000
2026-04-18 18:40:00,100.7000,105.0000,100.4000
2026-04-18 18:50:00,97.6000,96.7000,99.3000
2026-04-18 19:00:00,93.1000,92.3000,93.8000
2026-04-18 19:10:00,89.7000,92.7000,95.2000
2026-04-18 19:20:00,90.5000,92.9000,94.9000
2026-04-18 19:30:00,89.5000,91.1000,93.2000
2026-04-18 19:40:00,93.1000,93.8000,94.1000
2026-04-18 19:50:00,96.6000,97.0000,93.2000
2026-04-18 20:00:00,88.5000,83.4000,91.3000
2026-04-18 20:10:00,90.5000,89.4000,96.4000
2026-04-18 20:20:00,78.5000,77.3000,79.5000
2026-04-18 20:30:00,82.7000,90.1000,83.0000
2026-04-18 20:40:00,89.3000,83.3000,88.0000
2026-04-18 20:50:00,89.9000,87.4000,86.6000
2026-04-18 21:00:00,85.0000,77.3000,82.3000
2026-04-18 21:10:00,91.9000,89.9000,94.3000
2026-04-18 21:20:00,88.4000,85.6000,90.0000
2026-04-18 21:30:00,84.5000,83.3000,92.6000
2026-04-18 21:40:00,84.3000,86.8000,93.5000
2026-04-18 21:50:00,85.2000,83.7000,80.7000
2026-04-18 22:00:00,82.7000,85.3000,79.4000
2026-04-18 22:10:00,85.9000,86.2000,92.1000
2026-04-18 22:20:00,89.6000,88.1000,85.1000
2026-04-18 22:30:00,80.4000,75.4000,89.8000
2026-04-18 22:40:00,92.0000,89.5000,89.2000
2026-04-18 22:50:00,90.2000,93.5000,92.4000
2026-04-18 23:00:00,91.6000,96.7000,96.8000
2026-04-18 23:10:00,92.9000,91.8000,94.5000
2026-04-18 23:20:00,90.0000,85.3000,97.9000
2026-04-18 23:30:00,87.1000,83.7000,94.6000
2026-04-18 23:40:00,89.5000,90.1000,97.4000
2026-04-18 23:50:00,81.8000,78.4000,84.4000
2026-04-19 00:00:00,87.4000,87.3000,103.2000
2026-04-19 00:10:00,78.7000,78.8000,88.7000
2026-04-19 00:20:00,89.8000,87.1000,76.3000
2026-04-19 00:30:00,87.1000,97.0000,84.8000
2026-04-19 00:40:00,88.6000,85.4000,93.2000
2026-04-19 00:50:00,90.4000,78.5000,94.4000
2026-04-19 01:00:00,90.9000,88.0000,99.3000
2026-04-19 01:10:00,92.9000,93.2000,94.8000
2026-04-19 01:20:00,94.7000,95.6000,102.6000
2026-04-19 01:30:00,93.1000,97.5000,95.0000
2026-04-19 01:40:00,97.9000,97.8000,95.5000
2026-04-19 01:50:00,92.0000,91.2000,95.2000
2026-04-19 02:00:00,95.3000,93.3000,102.0000
2026-04-19 02:10:00,97.3000,94.6000,95.0000
2026-04-19 02:20:00,98.0000,99.3000,97.3000
2026-04-19 02:30:00,88.8000,94.8000,95.4000
2026-04-19 02:40:00,93.7000,94.5000,97.0000
2026-04-19 02:50:00,73.6000,78.4000,94.9000
2026-04-19 03:00:00,85.7000,81.3000,86.6000
2026-04-19 03:10:00,59.8000,57.1000,54.4000
2026-04-19 03:20:00,42.6000,37.4000,52.9000
2026-04-19 03:30:00,20.1000,20.2000,44.2000
2026-04-19 03:40:00,21.4000,25.2000,21.7000
2026-04-19 03:50:00,15.5000,16.5000,25.2000
2026-04-19 04:00:00,10.8000,12.7000,14.3000
2026-04-19 04:10:00,21.4000,26.0000,26.8000
2026-04-19 04:20:00,36.3000,43.2000,28.8000
2026-04-19 04:30:00,20.0000,19.4000,51.0000
2026-04-19 04:40:00,14.6000,21.6000,28.9000
2026-04-19 04:50:00,14.7000,26.2000,28.0000
2026-04-19 05:00:00,14.9000,25.0000,21.5000
2026-04-19 05:10:00,15.2000,4.2000,23.3000
2026-04-19 05:20:00,19.5000,359.3000,30.0000
2026-04-19 05:30:00,15.7000,16.1000,15.4000
2026-04-19 05:40:00,20.3000,22.9000,18.3000
2026-04-19 05:50:00,21.6000,18.7000,345.1000
2026-04-19 06:00:00,11.5000,15.7000,21.0000
2026-04-19 06:10:00,22.4000,15.5000,15.5000
2026-04-19 06:20:00,16.6000,24.7000,18.6000
2026-04-19 06:30:00,16.8000,15.9000,0.7000
2026-04-19 06:40:00,17.1000,21.9000,20.7000
2026-04-19 06:50:00,17.6000,2.0000,21.3000
2026-04-19 07:00:00,14.0000,8.0000,17.7000
2026-04-19 07:10:00,12.1000,24.1000,355.2000
2026-04-19 07:20:00,15.5000,20.9000,0.5000
2026-04-19 07:30:00,356.7000,359.9000,353.5000
2026-04-19 07:40:00,359.0000,348.4000,353.4000
2026-04-19 07:50:00,6.3000,14.1000,355.6000
2026-04-19 08:00:00,1.6000,6.3000,343.9000
2026-04-19 08:10:00,356.8000,9.0000,348.7000
2026-04-19 08:20:00,357.8000,5.9000,4.5000
2026-04-19 08:30:00,4.7000,4.5000,358.6000
2026-04-19 08:40:00,15.0000,16.1000,20.5000
2026-04-19 08:50:00,6.1000,8.3000,15.3000
2026-04-19 09:00:00,12.6000,17.7000,3.2000
2026-04-19 09:10:00,10.1000,6.9000,18.8000
2026-04-19 09:20:00,12.8000,6.2000,20.4000
2026-04-19 09:30:00,7.2000,359.1000,9.9000
2026-04-19 09:40:00,9.9000,2.4000,17.4000
2026-04-19 09:50:00,11.0000,1.3000,1.5000
2026-04-19 10:00:00,7.5000,3.5000,14.9000
2026-04-19 10:10:00,9.7000,14.5000,16.0000
2026-04-19 10:20:00,13.0000,11.9000,344.4000
2026-04-19 10:30:00,8.1000,10.1000,16.0000
2026-04-19 10:40:00,14.4000,357.3000,19.9000
2026-04-19 10:50:00,15.2000,17.7000,16.4000
2026-04-19 11:00:00,12.3000,19.7000,15.6000
2026-04-19 11:10:00,17.7000,23.7000,32.7000
2026-04-19 11:20:00,17.6000,20.8000,20.6000
2026-04-19 11:30:00,29.3000,25.9000,32.3000
2026-04-19 11:40:00,27.9000,33.7000,34.2000
2026-04-19 11:50:00,24.4000,28.4000,32.1000
2026-04-19 12:00:00,17.0000,20.6000,38.3000
2026-04-19 12:10:00,20.9000,23.9000,21.0000
2026-04-19 12:20:00,19.7000,21.3000,19.0000
2026-04-19 12:30:00,16.6000,19.5000,18.6000
2026-04-19 12:40:00,16.2000,20.4000,0.3000
2026-04-19 12:50:00,10.0000,358.8000,355.4000
2026-04-19 13:00:00,8.4000,11.1000,30.5000
2026-04-19 13:10:00,2.5000,4.6000,15.2000
2026-04-19 13:20:00,3.1000,15.9000,18.2000
2026-04-19 13:30:00,12.9000,7.1000,357.3000
2026-04-19 13:40:00,6.3000,356.6000,15.6000
2026-04-19 13:50:00,358.3000,2.5000,4.1000
2026-04-19 14:00:00,8.5000,356.4000,346.0000
2026-04-19 14:10:00,4.5000,11.5000,351.5000
2026-04-19 14:20:00,0.1000,342.0000,8.6000
2026-04-19 14:30:00,358.2000,356.0000,348.9000
2026-04-19 14:40:00,2.7000,10.7000,345.0000
2026-04-19 14:50:00,345.4000,341.2000,324.9000
2026-04-19 15:00:00,349.1000,6.4000,343.8000
2026-04-19 15:10:00,349.8000,4.4000,358.0000
2026-04-19 15:20:00,4.4000,355.2000,3.1000
2026-04-19 15:30:00,357.4000,358.9000,349.7000
2026-04-19 15:40:00,357.4000,358.6000,354.0000
2026-04-19 15:50:00,358.2000,0.8000,357.2000
2026-04-19 16:00:00,0.8000,6.4000,6.1000
2026-04-19 16:10:00,357.2000,351.3000,359.4000
2026-04-19 16:20:00,356.0000,351.3000,0.5000
2026-04-19 16:30:00,1.2000,0.7000,350.2000
2026-04-19 16:40:00,2.9000,3.4000,0.1000
2026-04-19 16:50:00,357.8000,12.6000,346.7000
2026-04-19 17:00:00,1.9000,13.9000,346.5000
2026-04-19 17:10:00,3.8000,351.2000,358.4000
2026-04-19 17:20:00,358.3000,5.4000,1.4000
2026-04-19 17:30:00,348.7000,348.8000,358.3000
2026-04-19 17:40:00,359.1000,17.9000,18.3000
2026-04-19 17:50:00,357.9000,3.1000,356.2000
2026-04-19 18:00:00,1.4000,14.1000,354.3000
2026-04-19 18:10:00,358.2000,9.5000,359.0000
2026-04-19 18:20:00,359.6000,349.1000,7.5000
2026-04-19 18:30:00,352.9000,348.1000,351.5000
2026-04-19 18:40:00,351.0000,10.3000,354.1000
2026-04-19 18:50:00,359.9000,352.5000,346.8000
2026-04-19 19:00:00,3.3000,356.8000,351.7000
2026-04-19 19:10:00,5.6000,352.9000,352.2000
2026-04-19 19:20:00,1.1000,347.3000,344.1000
2026-04-19 19:30:00,358.7000,358.7000,344.2000
2026-04-19 19:40:00,359.4000,8.2000,350.8000
2026-04-19 19:50:00,359.1000,4.2000,1.9000
2026-04-19 20:00:00,359.8000,5.1000,8.4000
2026-04-19 20:10:00,358.7000,347.2000,0.5000
2026-04-19 20:20:00,1.6000,0.1000,355.3000
2026-04-19 20:30:00,359.2000,5.2000,2.4000
2026-04-19 20:40:00,0.1000,357.0000,353.1000
2026-04-19 20:50:00,358.5000,2.9000,358.0000
2026-04-19 21:00:00,359.2000,356.0000,354.3000
2026-04-19 21:10:00,1.1000,347.9000,359.7000
2026-04-19 21:20:00,359.1000,4.5000,346.0000
2026-04-19 21:30:00,358.0000,354.6000,354.8000
2026-04-19 21:40:00,359.4000,357.2000,354.0000
2026-04-19 21:50:00,350.7000,9.9000,352.9000
2026-04-19 22:00:00,353.4000,340.6000,354.6000
2026-04-19 22:10:00,350.0000,358.6000,354.8000
2026-04-19 22:20:00,354.7000,353.2000,357.6000
2026-04-19 22:30:00,355.3000,2.3000,355.8000
2026-04-19 22:40:00,357.2000,349.5000,356.1000
2026-04-19 22:50:00,358.9000,354.9000,359.8000
2026-04-19 23:00:00,354.4000,356.3000,356.9000
2026-04-19 23:10:00,355.4000,352.2000,353.3000
2026-04-19 23:20:00,351.0000,354.0000,1.0000
2026-04-19 23:30:00,356.0000,10.0000,346.9000
2026-04-19 23:40:00,356.4000,6.2000,348.3000
2026-04-19 23:50:00,351.5000,356.6000,358.0000
2026-04-20 00:00:00,354.5000,341.0000,358.9000
2026-04-20 00:10:00,359.6000,5.9000,352.3000
2026-04-20 00:20:00,358.7000,5.9000,356.1000
2026-04-20 00:30:00,0.1000,13.3000,359.5000
2026-04-20 00:40:00,0.6000,1.8000,7.9000
2026-04-20 00:50:00,1.8000,11.2000,355.0000
2026-04-20 01:00:00,355.9000,350.0000,2.6000
2026-04-20 01:10:00,354.7000,348.5000,355.3000
2026-04-20 01:20:00,355.2000,5.3000,6.8000
2026-04-20 01:30:00,355.3000,357.7000,346.7000
2026-04-20 01:40:00,354.2000,358.3000,342.8000
2026-04-20 01:50:00,358.2000,5.1000,343.7000
2026-04-20 02:00:00,348.8000,355.2000,356.2000
2026-04-20 02:10:00,357.0000,6.1000,344.4000
2026-04-20 02:20:00,355.7000,354.4000,346.8000
2026-04-20 02:30:00,352.2000,357.4000,5.4000
2026-04-20 02:40:00,351.2000,351.0000,333.4000
2026-04-20 02:50:00,351.0000,355.4000,342.3000
2026-04-20 03:00:00,348.4000,6.6000,354.3000
2026-04-20 03:10:00,352.1000,350.3000,353.7000
2026-04-20 03:20:00,351.9000,1.5000,347.0000
2026-04-20 03:30:00,349.5000,342.4000,12.1000
2026-04-20 03:40:00,345.7000,3.1000,349.1000
2026-04-20 03:50:00,351.2000,346.0000,359.2000
2026-04-20 04:00:00,353.6000,349.0000,349.4000
2026-04-20 04:10:00,349.5000,358.1000,342.5000
2026-04-20 04:20:00,353.4000,349.3000,344.9000
2026-04-20 04:30:00,350.2000,356.5000,336.1000
2026-04-20 04:40:00,347.9000,351.9000,351.8000
2026-04-20 04:50:00,348.9000,4.7000,336.9000
2026-04-20 05:00:00,352.5000,340.5000,352.3000
2026-04-20 05:10:00,354.0000,357.1000,348.0000
2026-04-20 05:20:00,353.0000,333.5000,352.0000
2026-04-20 05:30:00,355.3000,351.4000,347.1000
2026-04-20 05:40:00,349.5000,5.6000,355.1000
2026-04-20 05:50:00,356.4000,352.0000,346.2000
2026-04-20 06:00:00,350.4000,8.6000,332.5000
2026-04-20 06:10:00,350.1000,8.9000,352.2000
2026-04-20 06:20:00,351.9000,340.0000,351.4000
2026-04-20 06:30:00,352.4000,349.7000,353.8000
2026-04-20 06:40:00,354.7000,358.8000,2.4000
2026-04-20 06:50:00,348.3000,354.8000,353.7000
2026-04-20 07:00:00,349.2000,2.1000,322.8000
2026-04-20 07:10:00,344.8000,351.6000,336.0000
2026-04-20 07:20:00,351.1000,347.1000,317.9000
2026-04-20 07:30:00,341.5000,341.1000,322.1000
2026-04-20 07:40:00,339.8000,2.7000,352.6000
2026-04-20 07:50:00,350.8000,354.2000,304.9000
2026-04-20 08:00:00,352.2000,2.7000,331.3000
2026-04-20 08:10:00,346.2000,352.0000,318.8000
2026-04-20 08:20:00,343.9000,344.1000,343.5000
2026-04-20 08:30:00,340.4000,348.4000,295.5000
2026-04-20 08:40:00,342.4000,344.8000,343.1000
2026-04-20 08:50:00,341.1000,338.0000,310.5000
2026-04-20 09:00:00,348.7000,7.6000,321.9000
2026-04-20 09:10:00,342.8000,335.3000,354.8000
2026-04-20 09:20:00,344.7000,332.9000,330.4000
2026-04-20 09:30:00,344.1000,330.6000,324.1000
2026-04-20 09:40:00,345.8000,339.8000,342.0000
2026-04-20 09:50:00,347.0000,334.9000,332.9000
2026-04-20 10:00:00,347.4000,357.6000,313.6000
2026-04-20 10:10:00,346.9000,3.1000,344.7000
2026-04-20 10:20:00,351.3000,344.7000,337.4000
2026-04-20 10:30:00,346.6000,347.6000,334.7000
2026-04-20 10:40:00,352.1000,347.1000,333.3000
2026-04-20 10:50:00,345.4000,343.9000,354.1000
2026-04-20 11:00:00,349.8000,357.3000,337.7000
2026-04-20 11:10:00,347.5000,351.6000,347.4000
2026-04-20 11:20:00,353.9000,1.3000,358.1000
2026-04-20 11:30:00,350.9000,8.5000,356.5000
2026-04-20 11:40:00,349.5000,345.0000,334.5000
2026-04-20 11:50:00,351.7000,6.3000,320.8000
2026-04-20 12:00:00,353.1000,0.1000,344.3000
2026-04-20 12:10:00,345.5000,347.7000,345.8000
2026-04-20 12:20:00,349.1000,343.8000,342.1000
2026-04-20 12:30:00,352.0000,4.4000,345.5000
2026-04-20 12:40:00,346.7000,335.0000,356.2000
2026-04-20 12:50:00,349.1000,345.8000,341.2000
2026-04-20 13:00:00,346.8000,358.5000,335.5000
2026-04-20 13:10:00,343.2000,343.3000,343.1000
2026-04-20 13:20:00,352.6000,343.9000,345.3000
2026-04-20 13:30:00,347.6000,346.1000,321.1000
2026-04-20 13:40:00,349.9000,343.0000,347.1000
2026-04-20 13:50:00,350.0000,339.8000,351.1000
2026-04-20 14:00:00,343.1000,355.1000,328.7000
2026-04-20 14:10:00,347.1000,356.5000,349.2000
2026-04-20 14:20:00,351.9000,2.1000,344.9000
2026-04-20 14:30:00,351.2000,351.0000,352.7000
2026-04-20 14:40:00,350.6000,352.5000,335.3000
2026-04-20 14:50:00,358.4000,353.6000,351.8000
2026-04-20 15:00:00,358.7000,347.4000,351.5000
2026-04-20 15:10:00,351.6000,344.6000,357.7000
2026-04-20 15:20:00,351.4000,0.1000,357.3000
2026-04-20 15:30:00,351.7000,357.9000,342.0000
2026-04-20 15:40:00,356.5000,359.9000,346.4000
2026-04-20 15:50:00,339.9000,345.9000,320.6000
2026-04-20 16:00:00,355.6000,353.1000,325.7000
2026-04-20 16:10:00,359.8000,2.3000,351.9000
2026-04-20 16:20:00,358.2000,4.7000,359.9000
2026-04-20 16:30:00,358.3000,351.2000,350.0000
2026-04-20 16:40:00,357.3000,349.9000,356.6000
2026-04-20 16:50:00,358.0000,353.3000,351.6000
2026-04-20 17:00:00,353.7000,3.5000,354.1000
2026-04-20 17:10:00,356.8000,355.1000,357.4000
2026-04-20 17:20:00,4.9000,0.2000,359.3000
2026-04-20 17:30:00,6.9000,14.6000,4.8000
2026-04-20 17:40:00,1.8000,9.8000,9.0000
2026-04-20 17:50:00,356.4000,2.5000,5.2000
2026-04-20 18:00:00,6.2000,359.6000,356.3000
2026-04-20 18:10:00,359.6000,7.3000,358.4000
2026-04-20 18:20:00,356.5000,350.3000,357.1000
2026-04-20 18:30:00,4.6000,6.1000,358.5000
2026-04-20 18:40:00,0.9000,357.4000,357.4000
2026-04-20 18:50:00,358.7000,357.6000,347.8000
2026-04-20 19:00:00,7.2000,357.2000,359.8000
2026-04-20 19:10:00,0.7000,347.6000,0.0000
2026-04-20 19:20:00,357.0000,358.6000,346.7000
2026-04-20 19:30:00,359.9000,355.8000,357.5000
2026-04-20 19:40:00,358.8000,3.1000,1.8000
2026-04-20 19:50:00,7.6000,359.7000,357.3000
2026-04-20 20:00:00,15.6000,15.5000,14.9000
2026-04-20 20:10:00,8.5000,16.0000,17.1000
2026-04-20 20:20:00,14.1000,13.3000,5.3000
2026-04-20 20:30:00,359.2000,4.4000,354.6000
2026-04-20 20:40:00,5.3000,1.9000,6.6000
2026-04-20 20:50:00,13.0000,14.5000,19.3000
2026-04-20 21:00:00,11.3000,10.0000,17.1000
2026-04-20 21:10:00,3.4000,14.5000,3.8000
2026-04-20 21:20:00,2.0000,0.4000,2.7000
2026-04-20 21:30:00,3.8000,359.8000,342.0000
2026-04-20 21:40:00,4.7000,358.0000,355.6000
2026-04-20 21:50:00,7.4000,0.8000,356.7000
2026-04-20 22:00:00,359.8000,8.4000,344.8000
2026-04-20 22:10:00,11.5000,21.1000,357.9000
2026-04-20 22:20:00,2.9000,11.7000,17.6000
2026-04-20 22:30:00,7.4000,5.7000,16.9000
2026-04-20 22:40:00,18.7000,21.9000,3.9000
2026-04-20 22:50:00,14.3000,18.5000,17.1000
2026-04-20 23:00:00,50.1000,47.1000,40.9000
2026-04-20 23:10:00,73.5000,72.2000,85.0000
2026-04-20 23:20:00,63.2000,67.2000,71.9000
2026-04-20 23:30:00,49.0000,54.4000,71.6000
2026-04-20 23:40:00,40.5000,35.9000,42.9000
2026-04-20 23:50:00,33.4000,18.6000,45.7000
2026-04-21 00:00:00,50.4000,55.1000,21.8000
2026-04-21 00:10:00,55.0000,63.7000,55.1000
2026-04-21 00:20:00,31.3000,32.6000,56.5000
2026-04-21 00:30:00,3.0000,334.4000,55.9000
2026-04-21 00:40:00,11.0000,8.9000,12.7000
2026-04-21 00:50:00,2.9000,19.4000,24.3000
2026-04-21 01:00:00,22.6000,24.2000,18.9000
2026-04-21 01:10:00,9.9000,4.0000,11.6000
2026-04-21 01:20:00,3.0000,4.4000,8.2000
2026-04-21 01:30:00,9.1000,26.6000,15.3000
2026-04-21 01:40:00,2.9000,13.2000,346.2000
2026-04-21 01:50:00,10.4000,6.9000,7.4000
2026-04-21 02:00:00,2.9000,359.8000,357.1000
2026-04-21 02:10:00,359.2000,346.2000,14.7000
2026-04-21 02:20:00,357.2000,1.9000,348.1000
2026-04-21 02:30:00,343.4000,319.9000,356.4000
2026-04-21 02:40:00,345.3000,0.5000,336.9000
2026-04-21 02:50:00,353.1000,351.0000,341.5000
2026-04-21 03:00:00,6.3000,345.7000,355.6000
2026-04-21 03:10:00,10.0000,348.6000,342.1000
2026-04-21 03:20:00,359.8000,336.7000,345.7000
2026-04-21 03:30:00,346.0000,351.3000,341.8000
2026-04-21 03:40:00,352.9000,349.2000,351.3000
2026-04-21 03:50:00,345.4000,3.3000,333.8000
2026-04-21 04:00:00,358.0000,10.3000,339.9000
2026-04-21 04:10:00,0.0000,5.0000,355.2000
2026-04-21 04:20:00,4.0000,357.4000,354.6000
2026-04-21 04:30:00,349.5000,355.4000,351.9000
2026-04-21 04:40:00,358.5000,7.0000,356.9000
2026-04-21 04:50:00,358.4000,9.3000,6.0000
2026-04-21 05:00:00,357.2000,341.9000,343.8000
2026-04-21 05:10:00,1.6000,15.5000,353.0000
2026-04-21 05:20:00,3.1000,356.5000,355.4000
2026-04-21 05:30:00,6.8000,357.1000,10.7000
2026-04-21 05:40:00,9.1000,4.8000,345.6000
2026-04-21 05:50:00,353.7000,21.6000,0.4000
2026-04-21 06:00:00,8.7000,27.3000,14.2000
2026-04-21 06:10:00,11.5000,31.3000,346.9000
2026-04-21 06:20:00,10.9000,20.2000,8.3000
2026-04-21 06:30:00,3.5000,16.6000,357.9000
2026-04-21 06:40:00,7.7000,352.4000,23.6000
2026-04-21 06:50:00,357.1000,345.6000,334.7000
2026-04-21 07:00:00,2.8000,17.2000,23.2000
2026-04-21 07:10:00,13.0000,12.8000,333.7000
2026-04-21 07:20:00,8.0000,352.7000,337.2000
2026-04-21 07:30:00,355.5000,344.0000,336.8000
2026-04-21 07:40:00,2.2000,18.2000,2.6000
2026-04-21 07:50:00,4.0000,5.1000,313.3000
2026-04-21 08:00:00,0.6000,12.7000,359.9000
2026-04-21 08:10:00,2.4000,3.0000,3.6000
2026-04-21 08:20:00,346.9000,347.9000,352.0000
2026-04-21 08:30:00,0.4000,342.6000,359.4000
2026-04-21 08:40:00,11.9000,348.9000,351.0000
2026-04-21 08:50:00,0.8000,48.4000,0.4000
2026-04-21 09:00:00,349.0000,353.5000,11.6000
2026-04-21 09:10:00,351.8000,333.8000,351.4000
2026-04-21 09:20:00,146.8000,59.7000,345.6000
2026-04-21 09:30:00,343.3000,288.1000,312.1000
2026-04-21 09:40:00,348.0000,330.6000,337.5000
2026-04-21 09:50:00,92.0000,183.0000,340.0000
2026-04-21 10:00:00,64.2000,11.8000,65.5000
2026-04-21 10:10:00,49.5000,328.5000,70.7000
2026-04-21 10:20:00,65.4000,357.6000,327.5000
2026-04-21 10:30:00,42.0000,330.8000,298.5000
2026-04-21 10:40:00,352.7000,336.7000,336.9000
2026-04-21 10:50:00,355.6000,332.0000,354.7000
2026-04-21 11:00:00,349.5000,338.0000,332.0000
2026-04-21 11:10:00,347.6000,6.7000,328.1000
2026-04-21 11:20:00,336.7000,273.4000,338.3000
2026-04-21 11:30:00,22.6000,23.9000,346.3000
2026-04-21 11:40:00,14.8000,16.6000,342.9000
2026-04-21 11:50:00,358.6000,1.8000,340.1000
2026-04-21 12:00:00,11.8000,18.4000,335.1000
2026-04-21 12:10:00,16.6000,15.4000,11.8000
2026-04-21 12:20:00,18.7000,11.3000,15.4000
2026-04-21 12:30:00,45.5000,48.5000,52.4000
2026-04-21 12:40:00,20.9000,24.3000,52.3000
2026-04-21 12:50:00,18.3000,23.3000,20.3000
2026-04-21 13:00:00,22.1000,21.8000,31.8000
2026-04-21 13:10:00,23.1000,16.9000,21.7000
2026-04-21 13:20:00,27.3000,42.4000,31.7000
2026-04-21 13:30:00,11.4000,23.8000,54.7000
2026-04-21 13:40:00,8.3000,14.2000,18.0000
2026-04-21 13:50:00,11.5000,4.1000,20.8000
2026-04-21 14:00:00,14.6000,20.4000,4.6000
2026-04-21 14:10:00,93.4000,96.8000,22.3000
2026-04-21 14:20:00,0.1000,358.7000,341.1000
2026-04-21 14:30:00,28.3000,25.5000,35.6000
2026-04-21 14:40:00,174.6000,163.2000,164.1000
2026-04-21 14:50:00,152.1000,150.7000,166.2000
2026-04-21 15:00:00,117.6000,110.9000,155.7000
2026-04-21 15:10:00,98.6000,101.3000,112.2000
2026-04-21 15:20:00,114.4000,107.1000,120.3000
2026-04-21 15:30:00,29.8000,335.9000,121.2000
2026-04-21 15:40:00,21.4000,28.1000,27.1000
2026-04-21 15:50:00,343.3000,354.1000,358.5000
2026-04-21 16:00:00,345.4000,341.7000,340.4000
2026-04-21 16:10:00,3.3000,13.6000,342.9000
2026-04-21 16:20:00,2.0000,344.7000,345.0000
2026-04-21 16:30:00,1.9000,346.1000,338.6000
2026-04-21 16:40:00,349.3000,326.4000,358.3000
2026-04-21 16:50:00,1.6000,6.8000,323.3000
2026-04-21 17:00:00,14.3000,332.2000,353.4000
2026-04-21 17:10:00,9.7000,359.8000,24.1000
2026-04-21 17:20:00,24.7000,28.3000,30.4000
2026-04-21 17:30:00,30.5000,25.8000,28.7000
2026-04-21 17:40:00,29.2000,24.7000,29.6000
2026-04-21 17:50:00,26.6000,24.8000,29.1000
2026-04-21 18:00:00,52.8000,51.6000,31.9000
2026-04-21 18:10:00,46.6000,57.3000,58.6000
2026-04-21 18:20:00,60.0000,64.2000,52.8000
2026-04-21 18:30:00,59.3000,57.2000,60.8000
2026-04-21 18:40:00,50.9000,54.5000,56.0000
2026-04-21 18:50:00,65.3000,62.9000,59.9000
2026-04-21 19:00:00,78.4000,68.6000,72.7000
2026-04-21 19:10:00,81.8000,84.2000,91.9000
2026-04-21 19:20:00,90.0000,85.1000,91.3000
2026-04-21 19:30:00,100.3000,100.7000,92.3000
2026-04-21 19:40:00,98.3000,103.6000,99.0000
2026-04-21 19:50:00,91.1000,95.3000,102.5000
2026-04-21 20:00:00,101.6000,102.3000,106.9000
2026-04-21 20:10:00,98.8000,95.5000,96.5000
2026-04-21 20:20:00,98.3000,93.0000,96.4000
2026-04-21 20:30:00,93.8000,95.0000,94.3000
2026-04-21 20:40:00,99.5000,94.1000,96.2000
2026-04-21 20:50:00,100.9000,101.5000,99.6000
2026-04-21 21:00:00,94.9000,93.8000,93.8000
2026-04-21 21:10:00,96.1000,96.5000,98.9000
2026-04-21 21:20:00,92.3000,86.2000,96.7000
2026-04-21 21:30:00,98.8000,101.5000,94.1000
2026-04-21 21:40:00,97.2000,103.3000,94.7000
2026-04-21 21:50:00,92.4000,99.4000,97.9000
2026-04-21 22:00:00,97.2000,97.1000,92.6000
2026-04-21 22:10:00,98.1000,98.7000,88.5000
2026-04-21 22:20:00,85.8000,92.2000,95.2000
2026-04-21 22:30:00,92.4000,92.4000,95.6000
2026-04-21 22:40:00,89.1000,93.3000,86.4000
2026-04-21 22:50:00,92.8000,92.5000,91.7000
2026-04-21 23:00:00,75.1000,81.2000,95.6000
2026-04-21 23:10:00,97.0000,101.1000,95.4000
2026-04-21 23:20:00,77.2000,74.9000,96.6000
2026-04-21 23:30:00,87.3000,89.8000,79.5000
2026-04-21 23:40:00,86.5000,82.9000,94.2000
2026-04-21 23:50:00,77.9000,77.4000,92.6000
2026-04-22 00:00:00,70.4000,87.6000,76.8000
2026-04-22 00:10:00,72.5000,61.2000,63.8000
2026-04-22 00:20:00,84.1000,86.3000,92.6000
2026-04-22 00:30:00,91.0000,95.1000,92.4000
2026-04-22 00:40:00,99.5000,95.9000,98.2000
2026-04-22 00:50:00,91.7000,87.4000,100.5000
2026-04-22 01:00:00,89.1000,91.1000,106.3000
2026-04-22 01:10:00,99.1000,94.5000,98.5000
2026-04-22 01:20:00,93.0000,92.8000,100.9000
2026-04-22 01:30:00,97.7000,97.9000,97.4000
2026-04-22 01:40:00,85.9000,87.7000,96.5000
2026-04-22 01:50:00,80.0000,81.1000,96.6000
2026-04-22 02:00:00,71.2000,70.9000,96.9000
2026-04-22 02:10:00,76.9000,86.5000,99.2000
2026-04-22 02:20:00,98.2000,98.6000,91.4000
2026-04-22 02:30:00,95.6000,98.5000,95.2000
2026-04-22 02:40:00,79.7000,68.1000,105.0000
2026-04-22 02:50:00,64.1000,64.0000,64.5000
2026-04-22 03:00:00,66.2000,78.0000,59.3000
2026-04-22 03:10:00,100.1000,102.7000,114.5000
2026-04-22 03:20:00,108.7000,113.6000,97.7000
2026-04-22 03:30:00,105.3000,101.1000,107.3000
2026-04-22 03:40:00,112.7000,115.1000,108.6000
2026-04-22 03:50:00,78.9000,75.1000,109.6000
2026-04-22 04:00:00,98.1000,88.4000,71.5000
2026-04-22 04:10:00,127.1000,133.8000,117.9000
2026-04-22 04:20:00,80.6000,94.7000,133.1000
2026-04-22 04:30:00,60.7000,46.6000,99.6000
2026-04-22 04:40:00,58.1000,29.4000,113.1000
2026-04-22 04:50:00,42.7000,64.5000,76.3000
2026-04-22 05:00:00,79.2000,76.4000,81.6000
2026-04-22 05:10:00,63.0000,57.7000,86.5000
2026-04-22 05:20:00,35.0000,51.1000,58.9000
2026-04-22 05:30:00,152.8000,125.6000,55.0000
2026-04-22 05:40:00,85.3000,130.1000,114.5000
2026-04-22 05:50:00,117.9000,143.6000,108.2000
2026-04-22 06:00:00,355.7000,27.4000,116.4000
2026-04-22 06:10:00,120.4000,42.8000,108.4000
2026-04-22 06:20:00,150.5000,165.9000,160.0000
2026-04-22 06:30:00,152.2000,152.3000,143.9000
2026-04-22 06:40:00,141.3000,142.5000,154.0000
2026-04-22 06:50:00,120.6000,133.6000,132.0000
2026-04-22 07:00:00,145.1000,151.2000,149.5000
2026-04-22 07:10:00,119.9000,117.1000,149.8000
2026-04-22 07:20:00,41.1000,34.5000,115.9000
2026-04-22 07:30:00,55.2000,33.1000,60.9000
2026-04-22 07:40:00,61.6000,46.9000,16.5000
2026-04-22 07:50:00,63.9000,64.6000,62.9000
2026-04-22 08:00:00,72.6000,74.0000,72.2000
2026-04-22 08:10:00,17.8000,358.6000,6.0000
2026-04-22 08:20:00,25.9000,44.9000,25.1000
2026-04-22 08:30:00,36.1000,34.8000,25.5000
2026-04-22 08:40:00,71.5000,58.9000,21.6000
2026-04-22 08:50:00,68.9000,66.5000,63.9000
2026-04-22 09:00:00,25.4000,50.3000,72.0000
2026-04-22 09:10:00,47.3000,54.8000,356.9000
2026-04-22 09:20:00,33.1000,48.9000,26.4000
2026-04-22 09:30:00,68.2000,79.1000,36.9000
2026-04-22 09:40:00,79.2000,143.9000,14.7000
2026-04-22 09:50:00,118.2000,116.8000,97.3000
2026-04-22 10:00:00,97.7000,102.5000,153.8000
2026-04-22 10:10:00,68.3000,54.7000,3.0000
2026-04-22 10:20:00,93.1000,74.7000,40.0000
2026-04-22 10:30:00,76.3000,82.1000,82.5000
2026-04-22 10:40:00,101.7000,123.4000,73.6000
2026-04-22 10:50:00,33.3000,42.0000,74.6000
2026-04-22 11:00:00,32.4000,63.4000,57.5000
2026-04-22 11:10:00,43.2000,36.9000,63.4000
2026-04-22 11:20:00,52.9000,61.2000,57.9000
2026-04-22 11:30:00,37.9000,44.0000,50.0000
2026-04-22 11:40:00,46.2000,9.4000,49.5000
2026-04-22 11:50:00,95.6000,111.7000,70.4000
2026-04-22 12:00:00,119.6000,133.0000,127.8000
2026-04-22 12:10:00,108.1000,102.1000,112.8000
2026-04-22 12:20:00,96.5000,102.5000,101.6000
2026-04-22 12:30:00,117.5000,126.4000,105.3000
2026-04-22 12:40:00,122.7000,117.3000,102.5000
2026-04-22 12:50:00,105.7000,109.7000,111.0000
2026-04-22 13:00:00,117.2000,114.0000,123.2000
2026-04-22 13:10:00,105.8000,103.6000,106.2000
2026-04-22 13:20:00,101.0000,103.8000,133.8000
2026-04-22 13:30:00,112.2000,109.1000,132.7000
2026-04-22 13:40:00,114.5000,124.7000,127.5000
2026-04-22 13:50:00,120.2000,123.6000,107.6000
2026-04-22 14:00:00,122.2000,136.7000,100.8000
2026-04-22 14:10:00,140.8000,148.7000,137.4000
2026-04-22 14:20:00,105.9000,107.9000,143.0000
2026-04-22 14:30:00,109.7000,104.1000,112.5000
2026-04-22 14:40:00,104.8000,104.8000,101.1000
2026-04-22 14:50:00,102.0000,97.7000,105.5000
2026-04-22 15:00:00,100.6000,100.6000,102.5000
2026-04-22 15:10:00,103.5000,100.2000,105.0000
2026-04-22 15:20:00,77.7000,67.6000,104.7000
2026-04-22 15:30:00,81.9000,89.9000,85.1000
2026-04-22 15:40:00,28.6000,29.4000,56.4000
2026-04-22 15:50:00,39.8000,49.4000,35.3000
2026-04-22 16:00:00,43.2000,56.6000,44.5000
2026-04-22 16:10:00,59.7000,58.7000,51.8000
2026-04-22 16:20:00,57.7000,48.1000,51.5000
2026-04-22 16:30:00,77.9000,86.1000,75.9000
2026-04-22 16:40:00,84.2000,91.7000,93.6000
2026-04-22 16:50:00,94.5000,94.4000,87.5000
2026-04-22 17:00:00,99.5000,104.8000,94.4000
2026-04-22 17:10:00,91.8000,92.8000,103.4000
2026-04-22 17:20:00,101.9000,101.6000,98.2000
2026-04-22 17:30:00,103.1000,103.9000,102.2000
2026-04-22 17:40:00,106.1000,103.0000,98.5000
2026-04-22 17:50:00,97.6000,100.5000,98.6000
2026-04-22 18:00:00,98.1000,99.8000,102.5000
2026-04-22 18:10:00,102.9000,100.8000,103.7000
2026-04-22 18:20:00,102.0000,105.0000,98.6000
2026-04-22 18:30:00,103.6000,107.2000,97.7000
2026-04-22 18:40:00,99.7000,103.4000,102.5000
2026-04-22 18:50:00,105.1000,107.9000,108.2000
2026-04-22 19:00:00,103.7000,104.4000,99.1000
2026-04-22 19:10:00,108.3000,105.8000,100.7000
2026-04-22 19:20:00,104.7000,115.9000,104.4000
2026-04-22 19:30:00,104.2000,99.6000,100.2000
2026-04-22 19:40:00,99.7000,98.0000,97.9000
2026-04-22 19:50:00,95.8000,95.4000,100.5000
2026-04-22 20:00:00,95.7000,96.7000,95.3000
2026-04-22 20:10:00,97.0000,101.4000,97.1000
2026-04-22 20:20:00,97.1000,95.5000,100.3000
2026-04-22 20:30:00,97.6000,96.4000,97.8000
2026-04-22 20:40:00,97.7000,97.9000,100.3000
2026-04-22 20:50:00,99.3000,96.3000,96.9000
2026-04-22 21:00:00,99.6000,96.5000,101.9000
2026-04-22 21:10:00,101.7000,105.9000,97.2000
2026-04-22 21:20:00,100.9000,99.3000,95.9000
2026-04-22 21:30:00,96.8000,98.2000,98.0000
2026-04-22 21:40:00,99.6000,103.6000,103.0000
2026-04-22 21:50:00,100.5000,101.1000,99.0000
2026-04-22 22:00:00,100.9000,102.9000,98.9000
2026-04-22 22:10:00,103.9000,100.6000,97.0000
